d531ee85,국정원,22,1781172306181
d466acf9,국정원,0,1781172425528
82081c75,국정원,79,1781172506597
3b520b95,엄태준,0,1781178869678
b1aec124,엄태준,275,1781178906982
1e569221,엄,74,1781179061698
6bf6dcad,홍길동,97,1781179494616
9b2b337c,김영희,4,1781179713093
06afeaad,홍길동,110,1781269535171
05629b14,엄태준,8,1781269820474
fa98858c,엄태준,0,1781274739742
ae1146bf,엄태준,6,1781281086466
1aa1c88c,엄태준,17,1781281101855
80812ed9,엄태준,28,1781281123035
3553d869,엄태준,0,1781283901265
efb2bd4a,엄태준,24,1781285558002
601f3237,엄태준,84,1781285572182
95d538ce,dd,0,1781286241943
20eb9ff5,dd,58,1781286252600
75e847cc,dd,0,1781286684954
6a91e511,dd,52,1781287425208
8c950190,dd,97,1781287975842
42ab0439,엄태준,3,1781288022847
1b860845,태준,0,1781288310310
a3423bca,태준,53,1781288599196
e37c4b02,정소희,301,1781323528409
0c6fe665,정소희,9,1781323619831
c49bafd0,정소희,56,1781323630801
dafa89e9,정소희,13,1781323661315
2a141dd8,정소희,435,1781323687220
162a69b0,S,0,1781326803805
26fc29f0,s,43,1781327043612
8d819147,s,30,1781327206891
